[
    {
        "area": "1928", 
        "city": "Shanghai", 
        "country": "China", 
        "flag": "22px-Flag_of_the_People's_Republic_of_China.svg.png", 
        "population": "13831900"
    }, 
    {
        "area": "603", 
        "city": "Mumbai", 
        "country": "India", 
        "flag": "22px-Flag_of_India.svg.png", 
        "population": "13830884"
    }, 
    {
        "area": "3527", 
        "city": "Karachi", 
        "country": "Pakistan", 
        "flag": "22px-Flag_of_Pakistan.svg.png", 
        "population": "12991000"
    }, 
    {
        "area": "431.09", 
        "city": "Delhi", 
        "country": "India", 
        "flag": "22px-Flag_of_India.svg.png", 
        "population": "12565901"
    }, 
    {
        "area": "1831", 
        "city": "Istanbul", 
        "country": "Turkey", 
        "flag": "22px-Flag_of_Turkey.svg.png", 
        "population": "11372613"
    }, 
    {
        "area": "1523", 
        "city": "S\u00e3o Paulo", 
        "country": "Brazil", 
        "flag": "22px-Flag_of_Brazil.svg.png", 
        "population": "11037593"
    }, 
    {
        "area": "1081", 
        "city": "Moscow", 
        "country": "Russia", 
        "flag": "22px-Flag_of_Russia.svg.png", 
        "population": "10508971"
    }, 
    {
        "area": "605.25", 
        "city": "Seoul", 
        "country": "South Korea", 
        "flag": "22px-Flag_of_South_Korea.svg.png", 
        "population": "10464051"
    }, 
    {
        "area": "1368.32", 
        "city": "Beijing", 
        "country": "China", 
        "flag": "22px-Flag_of_the_People's_Republic_of_China.svg.png", 
        "population": "10123000"
    }, 
    {
        "area": "1485", 
        "city": "Mexico City", 
        "country": "Mexico", 
        "flag": "22px-Flag_of_Mexico.svg.png", 
        "population": "8841916"
    }, 
    {
        "area": "617", 
        "city": "Tokyo", 
        "country": "Japan", 
        "flag": "22px-Flag_of_Japan.svg.png", 
        "population": "8795000"
    }, 
    {
        "area": "9965", 
        "city": "Kinshasa", 
        "country": "Democratic Republic of the Congo", 
        "flag": "22px-Flag_of_the_Democratic_Republic_of_the_Congo.svg.png", 
        "population": "8754000"
    }, 
    {
        "area": "664", 
        "city": "Jakarta", 
        "country": "Indonesia", 
        "flag": "22px-Flag_of_Indonesia.svg.png", 
        "population": "8489910"
    }, 
    {
        "area": "789.4", 
        "city": "New York City", 
        "country": "United States", 
        "flag": "22px-Flag_of_the_United_States.svg.png", 
        "population": "8363710"
    }, 
    {
        "area": "999.6", 
        "city": "Lagos", 
        "country": "Nigeria", 
        "flag": "22px-Flag_of_Nigeria.svg.png", 
        "population": "7937932"
    }, 
    {
        "area": "2670.4", 
        "city": "Lima", 
        "country": "Peru", 
        "flag": "22px-Flag_of_Peru.svg.png", 
        "population": "7605742"
    }, 
    {
        "area": "1580", 
        "city": "London", 
        "country": "United Kingdom", 
        "flag": "22px-Flag_of_the_United_Kingdom.svg.png", 
        "population": "7556900"
    }, 
    {
        "area": "1590", 
        "city": "Bogot\u00e1", 
        "country": "Colombia", 
        "flag": "22px-Flag_of_Colombia.svg.png", 
        "population": "7259597"
    }, 
    {
        "area": "760", 
        "city": "Tehran", 
        "country": "Iran", 
        "flag": "22px-Flag_of_Iran.svg.png", 
        "population": "7241000"
    }, 
    {
        "area": "2095.01", 
        "city": "Ho Chi Minh City", 
        "country": "Vietnam", 
        "flag": "22px-Flag_of_Vietnam.svg.png", 
        "population": "7123340"
    }, 
    {
        "area": "1092", 
        "city": "Hong Kong", 
        "country": "China", 
        "flag": "22px-Flag_of_the_People's_Republic_of_China.svg.png", 
        "population": "7026400"
    }, 
    {
        "area": "1568.74", 
        "city": "Bangkok", 
        "country": "Thailand", 
        "flag": "22px-Flag_of_Thailand.svg.png", 
        "population": "7025000"
    }, 
    {
        "area": "360", 
        "city": "Dhaka", 
        "country": "Bangladesh", 
        "flag": "22px-Flag_of_Bangladesh.svg.png", 
        "population": "7000940"
    }, 
    {
        "area": "214", 
        "city": "Cairo", 
        "country": "Egypt", 
        "flag": "22px-Flag_of_Egypt.svg.png", 
        "population": "6758581"
    }, 
    {
        "area": "1772", 
        "city": "Lahore", 
        "country": "Pakistan", 
        "flag": "22px-Flag_of_Pakistan.svg.png", 
        "population": "6318745"
    }, 
    {
        "area": "1182", 
        "city": "Rio de Janeiro", 
        "country": "Brazil", 
        "flag": "22px-Flag_of_Brazil.svg.png", 
        "population": "6186710"
    }, 
    {
        "area": "5467", 
        "city": "Chongqing", 
        "country": "China", 
        "flag": "22px-Flag_of_the_People's_Republic_of_China.svg.png", 
        "population": "5954800"
    }, 
    {
        "area": "709.5", 
        "city": "Bangalore", 
        "country": "India", 
        "flag": "22px-Flag_of_India.svg.png", 
        "population": "5840155"
    }, 
    {
        "area": "2057", 
        "city": "Tianjin", 
        "country": "China", 
        "flag": "22px-Flag_of_the_People's_Republic_of_China.svg.png", 
        "population": "5800000"
    }, 
    {
        "area": "1134", 
        "city": "Baghdad", 
        "country": "Iraq", 
        "flag": "22px-Flag_of_Iraq.svg.png", 
        "population": "5402486"
    }, 
    {
        "area": "185", 
        "city": "Kolkata", 
        "country": "India", 
        "flag": "22px-Flag_of_India.svg.png", 
        "population": "5138208"
    }, 
    {
        "area": "2030", 
        "city": "Santiago", 
        "country": "Chile", 
        "flag": "22px-Flag_of_Chile.svg.png", 
        "population": "5012973"
    }, 
    {
        "area": "710.2", 
        "city": "Singapore", 
        "country": "Singapore", 
        "flag": "22px-Flag_of_Singapore.svg.png", 
        "population": "4987600"
    }, 
    {
        "area": "800", 
        "city": "Riyadh", 
        "country": "Saudi Arabia", 
        "flag": "22px-Flag_of_Saudi_Arabia.svg.png", 
        "population": "4848000"
    }, 
    {
        "area": "187", 
        "city": "Chennai", 
        "country": "India", 
        "flag": "22px-Flag_of_India.svg.png", 
        "population": "4616639"
    }, 
    {
        "area": "1439", 
        "city": "Saint Petersburg", 
        "country": "Russia", 
        "flag": "22px-Flag_of_Russia.svg.png", 
        "population": "4581854"
    }, 
    {
        "area": "326.515", 
        "city": "Surat", 
        "country": "India", 
        "flag": "22px-Flag_of_India.svg.png", 
        "population": "4523022"
    }, 
    {
        "area": "598.75", 
        "city": "Yangon", 
        "country": "Myanmar", 
        "flag": "22px-Flag_of_Myanmar.svg.png", 
        "population": "4350000"
    }, 
    {
        "area": "280", 
        "city": "Guangzhou", 
        "country": "China", 
        "flag": "22px-Flag_of_the_People's_Republic_of_China.svg.png", 
        "population": "4261800"
    }, 
    {
        "area": "2680", 
        "city": "Alexandria", 
        "country": "Egypt", 
        "flag": "22px-Flag_of_Egypt.svg.png", 
        "population": "4110015"
    }, 
    {
        "area": "3495", 
        "city": "Shenyang", 
        "country": "China", 
        "flag": "22px-Flag_of_the_People's_Republic_of_China.svg.png", 
        "population": "4101197"
    }, 
    {
        "area": "621.48", 
        "city": "Hyderabad", 
        "country": "India", 
        "flag": "22px-Flag_of_India.svg.png", 
        "population": "4068611"
    }, 
    {
        "area": "204", 
        "city": "Ahmedabad", 
        "country": "India", 
        "flag": "22px-Flag_of_India.svg.png", 
        "population": "3959432"
    }, 
    {
        "area": "2516", 
        "city": "Ankara", 
        "country": "Turkey", 
        "flag": "22px-Flag_of_Turkey.svg.png", 
        "population": "3901201"
    }, 
    {
        "area": "1644.96", 
        "city": "Johannesburg", 
        "country": "South Africa", 
        "flag": "22px-Flag_of_South_Africa.svg.png", 
        "population": "3888180"
    }, 
    {
        "area": "1290", 
        "city": "Los Angeles", 
        "country": "United States", 
        "flag": "22px-Flag_of_the_United_States.svg.png", 
        "population": "3849378"
    }, 
    {
        "area": "379.4", 
        "city": "Wuhan", 
        "country": "China", 
        "flag": "22px-Flag_of_the_People's_Republic_of_China.svg.png", 
        "population": "3807950"
    }, 
    {
        "area": "437", 
        "city": "Yokohama", 
        "country": "Japan", 
        "flag": "22px-Flag_of_Japan.svg.png", 
        "population": "3670000"
    }, 
    {
        "area": "2119", 
        "city": "Abidjan", 
        "country": "C\u00f4te d'Ivoire", 
        "flag": "22px-Flag_of_Cote_d'Ivoire.svg.png", 
        "population": "3660682"
    }, 
    {
        "area": "766.12", 
        "city": "Busan", 
        "country": "South Korea", 
        "flag": "22px-Flag_of_South_Korea.svg.png", 
        "population": "3574340"
    }, 
    {
        "area": "2454.72", 
        "city": "Cape Town", 
        "country": "South Africa", 
        "flag": "22px-Flag_of_South_Africa.svg.png", 
        "population": "3497097"
    }, 
    {
        "area": "2291.89", 
        "city": "Durban", 
        "country": "South Africa", 
        "flag": "22px-Flag_of_South_Africa.svg.png", 
        "population": "3468086"
    }, 
    {
        "area": "450.69", 
        "city": "Pune", 
        "country": "India", 
        "flag": "22px-Flag_of_India.svg.png", 
        "population": "3446330"
    }, 
    {
        "area": "892", 
        "city": "Berlin", 
        "country": "Germany", 
        "flag": "22px-Flag_of_Germany.svg.png", 
        "population": "3426354"
    }, 
    {
        "area": "3194", 
        "city": "Pyongyang", 
        "country": "North Korea", 
        "flag": "22px-Flag_of_North_Korea.svg.png", 
        "population": "3255388"
    }, 
    {
        "area": "1230", 
        "city": "Jeddah", 
        "country": "Saudi Arabia", 
        "flag": "22px-Flag_of_Saudi_Arabia.svg.png", 
        "population": "3234000"
    }, 
    {
        "area": "267", 
        "city": "Kanpur", 
        "country": "India", 
        "flag": "22px-Flag_of_India.svg.png", 
        "population": "3221435"
    }, 
    {
        "area": "698", 
        "city": "Madrid", 
        "country": "Spain", 
        "flag": "22px-Flag_of_Spain.svg.png", 
        "population": "3213271"
    }, 
    {
        "area": "485", 
        "city": "Jaipur", 
        "country": "India", 
        "flag": "22px-Flag_of_India.svg.png", 
        "population": "3210570"
    }, 
    {
        "area": "203", 
        "city": "Buenos Aires", 
        "country": "Argentina", 
        "flag": "22px-Flag_of_Argentina.svg.png", 
        "population": "3050728"
    }, 
    {
        "area": "696", 
        "city": "Nairobi", 
        "country": "Keny", 
        "flag": "22px-Flag_of_Kenya.svg.png", 
        "population": "3038553"
    }
]